,Length of C_r [um],C_r [pF],f_r [MHz],C_1 [pF],Length of C_1 [um],
1,1346,19.0357133,364.9663379,0.339949168,314.6874374,
2,1462,20.6762354,350.1883174,0.361693511,334.8159512,
3,1598,22.59960614,334.9553758,0.38664533,357.9135927,
4,1750,24.74925578,320.0783617,0.413912674,383.1546913,
5,1930,27.29489352,304.7871727,0.445449186,412.3477153,
